[{"per_page": 15, "total_entries": 241, "total_pages": 17, "page": 1}, [{"name": "Afghanistan", "url": "http://en.wikipedia.org/wiki/Afghanistan", "pop": 25500100, "date": "2013-01-01", "percentage": 0.36, "id": 1}, {"name": "Albania", "url": "http://en.wikipedia.org/wiki/Albania", "pop": 2831741, "date": "2011-10-01", "percentage": 0.04, "id": 2}, {"name": "Algeria", "url": "http://en.wikipedia.org/wiki/Algeria", "pop": 37100000, "date": "2012-01-01", "percentage": 0.53, "id": 3}, {"name": "American Samoa (USA)", "url": "http://en.wikipedia.org/wiki/American_Samoa", "pop": 55519, "date": "2010-04-01", "percentage": 0.00079, "id": 4}, {"name": "Andorra", "url": "http://en.wikipedia.org/wiki/Andorra", "pop": 78115, "date": "2011-07-01", "percentage": 0.0011, "id": 5}, {"name": "Angola", "url": "http://en.wikipedia.org/wiki/Angola", "pop": 20609294, "date": "2012-07-01", "percentage": 0.29, "id": 6}, {"name": "Anguilla (UK)", "url": "http://en.wikipedia.org/wiki/Anguilla", "pop": 13452, "date": "2011-05-11", "percentage": 0.00019, "id": 7}, {"name": "Antigua and Barbuda", "url": "http://en.wikipedia.org/wiki/Antigua_and_Barbuda", "pop": 86295, "date": "2011-05-27", "percentage": 0.0012, "id": 8}, {"name": "Argentina", "url": "http://en.wikipedia.org/wiki/Argentina", "pop": 40117096, "date": "2010-10-27", "percentage": 0.57, "id": 9}, {"name": "Armenia", "url": "http://en.wikipedia.org/wiki/Armenia", "pop": 3275700, "date": "2012-06-01", "percentage": 0.046, "id": 10}, {"name": "Aruba (Netherlands)", "url": "http://en.wikipedia.org/wiki/Aruba", "pop": 101484, "date": "2010-09-29", "percentage": 0.0014, "id": 11}, {"name": "Australia", "url": "http://en.wikipedia.org/wiki/Australia", "pop": 22808690, "date": "2012-11-11", "percentage": 0.32, "id": 12}, {"name": "Austria", "url": "http://en.wikipedia.org/wiki/Austria", "pop": 8452835, "date": "2012-07-01", "percentage": 0.12, "id": 13}, {"name": "Azerbaijan", "url": "http://en.wikipedia.org/wiki/Azerbaijan", "pop": 9235100, "date": "2012-01-01", "percentage": 0.13, "id": 14}, {"name": "Bahamas", "url": "http://en.wikipedia.org/wiki/The_Bahamas", "pop": 353658, "date": "2010-05-03", "percentage": 0.005, "id": 15}, {"name": "Bahrain", "url": "http://en.wikipedia.org/wiki/Bahrain", "pop": 1234571, "date": "2010-04-27", "percentage": 0.018, "id": 16}, {"name": "Bangladesh", "url": "http://en.wikipedia.org/wiki/Bangladesh", "pop": 152518015, "date": "2012-07-16", "percentage": 2.16, "id": 17}, {"name": "Barbados", "url": "http://en.wikipedia.org/wiki/Barbados", "pop": 274200, "date": "2010-07-01", "percentage": 0.0039, "id": 18}, {"name": "Belarus", "url": "http://en.wikipedia.org/wiki/Belarus", "pop": 9459000, "date": "2012-09-01", "percentage": 0.13, "id": 19}, {"name": "Belgium", "url": "http://en.wikipedia.org/wiki/Belgium", "pop": 10839905, "date": "2010-01-01", "percentage": 0.15, "id": 20}, {"name": "Belize", "url": "http://en.wikipedia.org/wiki/Belize", "pop": 312971, "date": "2010-05-12", "percentage": 0.0044, "id": 21}, {"name": "Benin", "url": "http://en.wikipedia.org/wiki/Benin", "pop": 9352000, "date": "2012-07-01", "percentage": 0.13, "id": 22}, {"name": "Bermuda (UK)", "url": "http://en.wikipedia.org/wiki/Bermuda", "pop": 64237, "date": "2010-05-20", "percentage": 0.00091, "id": 23}, {"name": "Bhutan", "url": "http://en.wikipedia.org/wiki/Bhutan", "pop": 720679, "date": "2012-07-01", "percentage": 0.01, "id": 24}, {"name": "Bolivia", "url": "http://en.wikipedia.org/wiki/Bolivia", "pop": 10426155, "date": "2010-07-01", "percentage": 0.15, "id": 25}, {"name": "Bosnia and Herzegovina", "url": "http://en.wikipedia.org/wiki/Bosnia_and_Herzegovina", "pop": 3868621, "date": "2012-06-30", "percentage": 0.055, "id": 26}, {"name": "Botswana", "url": "http://en.wikipedia.org/wiki/Botswana", "pop": 2024904, "date": "2011-08-22", "percentage": 0.029, "id": 27}, {"name": "Brazil", "url": "http://en.wikipedia.org/wiki/Brazil", "pop": 193946886, "date": "2012-07-01", "percentage": 2.75, "id": 28}, {"name": "British Virgin Islands (UK)", "url": "http://en.wikipedia.org/wiki/British_Virgin_Islands", "pop": 29537, "date": "2010-07-01", "percentage": 0.00042, "id": 29}, {"name": "Brunei", "url": "http://en.wikipedia.org/wiki/Brunei", "pop": 393162, "date": "2011-06-20", "percentage": 0.0056, "id": 30}, {"name": "Bulgaria", "url": "http://en.wikipedia.org/wiki/Bulgaria", "pop": 7364570, "date": "2011-02-01", "percentage": 0.1, "id": 31}, {"name": "Burkina Faso", "url": "http://en.wikipedia.org/wiki/Burkina_Faso", "pop": 15730977, "date": "2010-07-01", "percentage": 0.22, "id": 32}, {"name": "Burundi", "url": "http://en.wikipedia.org/wiki/Burundi", "pop": 8749000, "date": "2012-07-01", "percentage": 0.12, "id": 33}, {"name": "Cambodia", "url": "http://en.wikipedia.org/wiki/Cambodia", "pop": 14478000, "date": "2012-07-01", "percentage": 0.21, "id": 34}, {"name": "Cameroon", "url": "http://en.wikipedia.org/wiki/Cameroon", "pop": 19406100, "date": "2010-01-01", "percentage": 0.28, "id": 35}, {"name": "Canada", "url": "http://en.wikipedia.org/wiki/Canada", "pop": 34974700, "date": "2012-11-11", "percentage": 0.5, "id": 36}, {"name": "Cape Verde", "url": "http://en.wikipedia.org/wiki/Cape_Verde", "pop": 491875, "date": "2010-06-16", "percentage": 0.007, "id": 37}, {"name": "Caribbean Netherlands (Netherlands)", "url": "http://en.wikipedia.org/wiki/Caribbean_Netherlands", "pop": 21133, "date": "2011-01-01", "percentage": 0.0003, "id": 38}, {"name": "Cayman Islands (UK)", "url": "http://en.wikipedia.org/wiki/Cayman_Islands", "pop": 55456, "date": "2010-10-10", "percentage": 0.00079, "id": 39}, {"name": "Central African Republic", "url": "http://en.wikipedia.org/wiki/Central_African_Republic", "pop": 4576000, "date": "2012-07-01", "percentage": 0.065, "id": 40}, {"name": "Chad", "url": "http://en.wikipedia.org/wiki/Chad", "pop": 11274106, "date": "2009-05-20", "percentage": 0.16, "id": 41}, {"name": "Chile", "url": "http://en.wikipedia.org/wiki/Chile", "pop": 16572475, "date": "2012-04-09", "percentage": 0.24, "id": 42}, {"name": "China[8]", "url": "http://en.wikipedia.org/wiki/China", "pop": 1347350000, "date": "2011-12-31", "percentage": 19.11, "id": 43}, {"name": "Christmas Island (Australia)", "url": "http://en.wikipedia.org/wiki/Christmas_Island", "pop": 2072, "date": "2011-08-09", "percentage": 2e-05, "id": 44}, {"name": "Cocos (Keeling) Islands (Australia)", "url": "http://en.wikipedia.org/wiki/Cocos_(Keeling)_Islands", "pop": 550, "date": "2011-08-09", "percentage": 8e-06, "id": 45}, {"name": "Colombia", "url": "http://en.wikipedia.org/wiki/Colombia", "pop": 46780000, "date": "2012-11-11", "percentage": 0.66, "id": 46}, {"name": "Comoros[18]", "url": "http://en.wikipedia.org/wiki/Comoros", "pop": 669300, "date": "2009-07-01", "percentage": 0.0095, "id": 47}, {"name": "Cook Islands (NZ)", "url": "http://en.wikipedia.org/wiki/Cook_Islands", "pop": 17791, "date": "2011-12-01", "percentage": 0.00025, "id": 48}, {"name": "Costa Rica", "url": "http://en.wikipedia.org/wiki/Costa_Rica", "pop": 4301712, "date": "2011-06-03", "percentage": 0.061, "id": 49}, {"name": "Croatia", "url": "http://en.wikipedia.org/wiki/Croatia", "pop": 4290612, "date": "2011-03-31", "percentage": 0.061, "id": 50}, {"name": "Cuba", "url": "http://en.wikipedia.org/wiki/Cuba", "pop": 11247925, "date": "2011-12-31", "percentage": 0.16, "id": 51}, {"name": "Cura\u00e7ao (Netherlands)", "url": "http://en.wikipedia.org/wiki/Cura%C3%A7ao", "pop": 149679, "date": "2011-03-26", "percentage": 0.0021, "id": 52}, {"name": "Cyprus[17]", "url": "http://en.wikipedia.org/wiki/Cyprus", "pop": 838897, "date": "2011-10-01", "percentage": 0.012, "id": 53}, {"name": "Czech Republic", "url": "http://en.wikipedia.org/wiki/Czech_Republic", "pop": 10507566, "date": "2012-03-31", "percentage": 0.15, "id": 54}, {"name": "Democratic Republic of the Congo", "url": "http://en.wikipedia.org/wiki/Democratic_Republic_of_the_Congo", "pop": 69575000, "date": "2012-07-01", "percentage": 0.99, "id": 55}, {"name": "Denmark", "url": "http://en.wikipedia.org/wiki/Denmark", "pop": 5587085, "date": "2012-07-01", "percentage": 0.079, "id": 56}, {"name": "Djibouti", "url": "http://en.wikipedia.org/wiki/Djibouti", "pop": 818159, "date": "2009-05-29", "percentage": 0.012, "id": 57}, {"name": "Dominica", "url": "http://en.wikipedia.org/wiki/Dominica", "pop": 71293, "date": "2011-05-14", "percentage": 0.001, "id": 58}, {"name": "Dominican Republic", "url": "http://en.wikipedia.org/wiki/Dominican_Republic", "pop": 9445281, "date": "2010-12-01", "percentage": 0.13, "id": 59}, {"name": "Ecuador", "url": "http://en.wikipedia.org/wiki/Ecuador", "pop": 14483499, "date": "2010-11-28", "percentage": 0.21, "id": 60}, {"name": "Egypt", "url": "http://en.wikipedia.org/wiki/Egypt", "pop": 82814000, "date": "2012-11-11", "percentage": 1.17, "id": 61}, {"name": "El Salvador", "url": "http://en.wikipedia.org/wiki/El_Salvador", "pop": 6183000, "date": "2010-06-30", "percentage": 0.088, "id": 62}, {"name": "Equatorial Guinea", "url": "http://en.wikipedia.org/wiki/Equatorial_Guinea", "pop": 740000, "date": "2012-07-01", "percentage": 0.01, "id": 63}, {"name": "Eritrea", "url": "http://en.wikipedia.org/wiki/Eritrea", "pop": 5581000, "date": "2012-07-01", "percentage": 0.079, "id": 64}, {"name": "Estonia", "url": "http://en.wikipedia.org/wiki/Estonia", "pop": 1294236, "date": "2012-03-31", "percentage": 0.018, "id": 65}, {"name": "Ethiopia", "url": "http://en.wikipedia.org/wiki/Ethiopia", "pop": 84320987, "date": "2012-07-01", "percentage": 1.2, "id": 66}, {"name": "Falkland Islands (UK)[21]", "url": "http://en.wikipedia.org/wiki/Falkland_Islands", "pop": 2563, "date": "2012-04-15", "percentage": 3e-05, "id": 67}, {"name": "Faroe Islands (Denmark)", "url": "http://en.wikipedia.org/wiki/Faroe_Islands", "pop": 48459, "date": "2012-07-01", "percentage": 0.00069, "id": 68}, {"name": "Federated States of Micronesia", "url": "http://en.wikipedia.org/wiki/Federated_States_of_Micronesia", "pop": 102843, "date": "2010-04-04", "percentage": 0.0015, "id": 69}, {"name": "Fiji", "url": "http://en.wikipedia.org/wiki/Fiji", "pop": 876000, "date": "2012-07-01", "percentage": 0.012, "id": 70}, {"name": "Finland", "url": "http://en.wikipedia.org/wiki/Finland", "pop": 5424220, "date": "2012-11-11", "percentage": 0.08, "id": 71}, {"name": "France[9]", "url": "http://en.wikipedia.org/wiki/France", "pop": 65350000, "date": "2012-01-01", "percentage": 0.93, "id": 72}, {"name": "French Guiana (France)", "url": "http://en.wikipedia.org/wiki/French_Guiana", "pop": 224469, "date": "2009-01-01", "percentage": 0.0032, "id": 73}, {"name": "French Polynesia (France)", "url": "http://en.wikipedia.org/wiki/French_Polynesia", "pop": 277000, "date": "2012-07-01", "percentage": 0.0039, "id": 74}, {"name": "Gabon", "url": "http://en.wikipedia.org/wiki/Gabon", "pop": 1564000, "date": "2012-07-01", "percentage": 0.022, "id": 75}, {"name": "Gambia", "url": "http://en.wikipedia.org/wiki/The_Gambia", "pop": 1825000, "date": "2012-07-01", "percentage": 0.026, "id": 76}, {"name": "Georgia[14]", "url": "http://en.wikipedia.org/wiki/Georgia_(country)", "pop": 4497600, "date": "2012-01-01", "percentage": 0.064, "id": 77}, {"name": "Germany", "url": "http://en.wikipedia.org/wiki/Germany", "pop": 81857000, "date": "2012-04-30", "percentage": 1.16, "id": 78}, {"name": "Ghana", "url": "http://en.wikipedia.org/wiki/Ghana", "pop": 24658823, "date": "2010-09-26", "percentage": 0.35, "id": 79}, {"name": "Gibraltar (UK)[20]", "url": "http://en.wikipedia.org/wiki/Gibraltar", "pop": 29752, "date": "2011-07-01", "percentage": 0.00042, "id": 80}, {"name": "Greece", "url": "http://en.wikipedia.org/wiki/Greece", "pop": 10787690, "date": "2011-05-24", "percentage": 0.15, "id": 81}, {"name": "Greenland (Denmark)", "url": "http://en.wikipedia.org/wiki/Greenland", "pop": 56749, "date": "2012-01-01", "percentage": 0.0008, "id": 82}, {"name": "Grenada", "url": "http://en.wikipedia.org/wiki/Grenada", "pop": 110821, "date": "2009-07-01", "percentage": 0.0016, "id": 83}, {"name": "Guadeloupe (France)", "url": "http://en.wikipedia.org/wiki/Guadeloupe", "pop": 401554, "date": "2009-01-01", "percentage": 0.0057, "id": 84}, {"name": "Guam (USA)", "url": "http://en.wikipedia.org/wiki/Guam", "pop": 159358, "date": "2010-04-01", "percentage": 0.0023, "id": 85}, {"name": "Guatemala", "url": "http://en.wikipedia.org/wiki/Guatemala", "pop": 14713763, "date": "2011-07-01", "percentage": 0.21, "id": 86}, {"name": "Guernsey (UK)", "url": "http://en.wikipedia.org/wiki/Guernsey", "pop": 62431, "date": "2010-03-31", "percentage": 0.00089, "id": 87}, {"name": "Guinea", "url": "http://en.wikipedia.org/wiki/Guinea", "pop": 10824200, "date": "2010-07-01", "percentage": 0.15, "id": 88}, {"name": "Guinea-Bissau", "url": "http://en.wikipedia.org/wiki/Guinea-Bissau", "pop": 1520830, "date": "2009-03-01", "percentage": 0.022, "id": 89}, {"name": "Guyana", "url": "http://en.wikipedia.org/wiki/Guyana", "pop": 784894, "date": "2010-07-01", "percentage": 0.011, "id": 90}, {"name": "Haiti", "url": "http://en.wikipedia.org/wiki/Haiti", "pop": 10085214, "date": "2010-07-01", "percentage": 0.14, "id": 91}, {"name": "Honduras", "url": "http://en.wikipedia.org/wiki/Honduras", "pop": 8385072, "date": "2012-07-01", "percentage": 0.12, "id": 92}, {"name": "Hong Kong (China)[13]", "url": "http://en.wikipedia.org/wiki/Hong_Kong", "pop": 7103700, "date": "2011-12-31", "percentage": 0.1, "id": 93}, {"name": "Hungary", "url": "http://en.wikipedia.org/wiki/Hungary", "pop": 9957731, "date": "2012-01-01", "percentage": 0.14, "id": 94}, {"name": "Iceland", "url": "http://en.wikipedia.org/wiki/Iceland", "pop": 320060, "date": "2012-04-01", "percentage": 0.0045, "id": 95}, {"name": "India", "url": "http://en.wikipedia.org/wiki/India", "pop": 1210193422, "date": "2011-03-01", "percentage": 17.16, "id": 96}, {"name": "Indonesia", "url": "http://en.wikipedia.org/wiki/Indonesia", "pop": 237641326, "date": "2010-05-01", "percentage": 3.37, "id": 97}, {"name": "Iran", "url": "http://en.wikipedia.org/wiki/Iran", "pop": 75149669, "date": "2011-10-24", "percentage": 1.07, "id": 98}, {"name": "Iraq", "url": "http://en.wikipedia.org/wiki/Iraq", "pop": 33330000, "date": "2011-07-01", "percentage": 0.47, "id": 99}, {"name": "Ireland", "url": "http://en.wikipedia.org/wiki/Republic_of_Ireland", "pop": 4588252, "date": "2011-04-10", "percentage": 0.065, "id": 100}, {"name": "Isle of Man (UK)", "url": "http://en.wikipedia.org/wiki/Isle_of_Man", "pop": 84497, "date": "2011-03-27", "percentage": 0.0012, "id": 101}, {"name": "Israel", "url": "http://en.wikipedia.org/wiki/Israel", "pop": 7928500, "date": "2012-08-31", "percentage": 0.11, "id": 102}, {"name": "Italy", "url": "http://en.wikipedia.org/wiki/Italy", "pop": 60849247, "date": "2012-03-31", "percentage": 0.86, "id": 103}, {"name": "Ivory Coast", "url": "http://en.wikipedia.org/wiki/Ivory_Coast", "pop": 21395000, "date": "2009-07-01", "percentage": 0.3, "id": 104}, {"name": "Jamaica", "url": "http://en.wikipedia.org/wiki/Jamaica", "pop": 2709300, "date": "2011-12-31", "percentage": 0.038, "id": 105}, {"name": "Japan", "url": "http://en.wikipedia.org/wiki/Japan", "pop": 127520000, "date": "2012-09-01", "percentage": 1.81, "id": 106}, {"name": "Jersey (UK)", "url": "http://en.wikipedia.org/wiki/Jersey", "pop": 97857, "date": "2011-03-27", "percentage": 0.0014, "id": 107}, {"name": "Jordan", "url": "http://en.wikipedia.org/wiki/Jordan", "pop": 6368400, "date": "2012-11-11", "percentage": 0.09, "id": 108}, {"name": "Kazakhstan", "url": "http://en.wikipedia.org/wiki/Kazakhstan", "pop": 16815000, "date": "2012-08-01", "percentage": 0.24, "id": 109}, {"name": "Kenya", "url": "http://en.wikipedia.org/wiki/Kenya", "pop": 38610097, "date": "2009-08-24", "percentage": 0.55, "id": 110}, {"name": "Kiribati", "url": "http://en.wikipedia.org/wiki/Kiribati", "pop": 103000, "date": "2012-07-01", "percentage": 0.0015, "id": 111}, {"name": "Kuwait", "url": "http://en.wikipedia.org/wiki/Kuwait", "pop": 3582054, "date": "2010-12-31", "percentage": 0.051, "id": 112}, {"name": "Kyrgyzstan", "url": "http://en.wikipedia.org/wiki/Kyrgyzstan", "pop": 5477600, "date": "2011-07-01", "percentage": 0.078, "id": 113}, {"name": "Laos", "url": "http://en.wikipedia.org/wiki/Laos", "pop": 6465800, "date": "2012-07-01", "percentage": 0.092, "id": 114}, {"name": "Latvia", "url": "http://en.wikipedia.org/wiki/Latvia", "pop": 2070371, "date": "2011-03-01", "percentage": 0.029, "id": 115}, {"name": "Lebanon", "url": "http://en.wikipedia.org/wiki/Lebanon", "pop": 4292000, "date": "2012-07-01", "percentage": 0.061, "id": 116}, {"name": "Lesotho", "url": "http://en.wikipedia.org/wiki/Lesotho", "pop": 2217000, "date": "2012-07-01", "percentage": 0.031, "id": 117}, {"name": "Liberia", "url": "http://en.wikipedia.org/wiki/Liberia", "pop": 4245000, "date": "2012-07-01", "percentage": 0.06, "id": 118}, {"name": "Libya", "url": "http://en.wikipedia.org/wiki/Libya", "pop": 6469000, "date": "2012-07-01", "percentage": 0.092, "id": 119}, {"name": "Liechtenstein", "url": "http://en.wikipedia.org/wiki/Liechtenstein", "pop": 36476, "date": "2011-12-31", "percentage": 0.00052, "id": 120}, {"name": "Lithuania", "url": "http://en.wikipedia.org/wiki/Lithuania", "pop": 3180394, "date": "2012-08-01", "percentage": 0.045, "id": 121}, {"name": "Luxembourg", "url": "http://en.wikipedia.org/wiki/Luxembourg", "pop": 511800, "date": "2010-12-31", "percentage": 0.0073, "id": 122}, {"name": "Macau (China)[19]", "url": "http://en.wikipedia.org/wiki/Macau", "pop": 568700, "date": "2012-06-30", "percentage": 0.0081, "id": 123}, {"name": "Macedonia", "url": "http://en.wikipedia.org/wiki/Republic_of_Macedonia", "pop": 2059794, "date": "2011-12-31", "percentage": 0.029, "id": 124}, {"name": "Madagascar", "url": "http://en.wikipedia.org/wiki/Madagascar", "pop": 20696070, "date": "2011-07-01", "percentage": 0.29, "id": 125}, {"name": "Malawi", "url": "http://en.wikipedia.org/wiki/Malawi", "pop": 15883000, "date": "2012-07-01", "percentage": 0.23, "id": 126}, {"name": "Malaysia", "url": "http://en.wikipedia.org/wiki/Malaysia", "pop": 29547000, "date": "2012-11-11", "percentage": 0.42, "id": 127}, {"name": "Maldives", "url": "http://en.wikipedia.org/wiki/Maldives", "pop": 317280, "date": "2010-07-01", "percentage": 0.0045, "id": 128}, {"name": "Mali", "url": "http://en.wikipedia.org/wiki/Mali", "pop": 14528662, "date": "2009-04-01", "percentage": 0.21, "id": 129}, {"name": "Malta", "url": "http://en.wikipedia.org/wiki/Malta", "pop": 417617, "date": "2010-12-31", "percentage": 0.0059, "id": 130}, {"name": "Marshall Islands", "url": "http://en.wikipedia.org/wiki/Marshall_Islands", "pop": 54305, "date": "2010-07-01", "percentage": 0.00077, "id": 131}, {"name": "Martinique (France)", "url": "http://en.wikipedia.org/wiki/Martinique", "pop": 396404, "date": "2009-01-01", "percentage": 0.0056, "id": 132}, {"name": "Mauritania", "url": "http://en.wikipedia.org/wiki/Mauritania", "pop": 3378254, "date": "2012-07-01", "percentage": 0.048, "id": 133}, {"name": "Mauritius", "url": "http://en.wikipedia.org/wiki/Mauritius", "pop": 1286051, "date": "2011-07-01", "percentage": 0.018, "id": 134}, {"name": "Mayotte (France)", "url": "http://en.wikipedia.org/wiki/Mayotte", "pop": 217000, "date": "2012-07-01", "percentage": 0.0031, "id": 135}, {"name": "Mexico", "url": "http://en.wikipedia.org/wiki/Mexico", "pop": 112336538, "date": "2010-06-12", "percentage": 1.59, "id": 136}, {"name": "Moldova[16]", "url": "http://en.wikipedia.org/wiki/Moldova", "pop": 3559500, "date": "2012-01-01", "percentage": 0.05, "id": 137}, {"name": "Monaco", "url": "http://en.wikipedia.org/wiki/Monaco", "pop": 35000, "date": "2012-07-01", "percentage": 0.0005, "id": 138}, {"name": "Mongolia", "url": "http://en.wikipedia.org/wiki/Mongolia", "pop": 2736800, "date": "2009-07-01", "percentage": 0.039, "id": 139}, {"name": "Montenegro", "url": "http://en.wikipedia.org/wiki/Montenegro", "pop": 620029, "date": "2011-04-01", "percentage": 0.0088, "id": 140}, {"name": "Montserrat (UK)", "url": "http://en.wikipedia.org/wiki/Montserrat", "pop": 4922, "date": "2011-05-12", "percentage": 5e-05, "id": 141}, {"name": "Morocco", "url": "http://en.wikipedia.org/wiki/Morocco", "pop": 32725600, "date": "2012-11-11", "percentage": 0.46, "id": 142}, {"name": "Mozambique", "url": "http://en.wikipedia.org/wiki/Mozambique", "pop": 23700715, "date": "2012-07-01", "percentage": 0.34, "id": 143}, {"name": "Myanmar", "url": "http://en.wikipedia.org/wiki/Myanmar", "pop": 48724000, "date": "2012-07-01", "percentage": 0.69, "id": 144}, {"name": "Namibia", "url": "http://en.wikipedia.org/wiki/Namibia", "pop": 2104900, "date": "2011-08-28", "percentage": 0.03, "id": 145}, {"name": "Nauru", "url": "http://en.wikipedia.org/wiki/Nauru", "pop": 10000, "date": "2012-07-01", "percentage": 0.00014, "id": 146}, {"name": "Nepal", "url": "http://en.wikipedia.org/wiki/Nepal", "pop": 26620809, "date": "2011-06-22", "percentage": 0.38, "id": 147}, {"name": "Netherlands", "url": "http://en.wikipedia.org/wiki/Netherlands", "pop": 16751323, "date": "2012-08-31", "percentage": 0.24, "id": 148}, {"name": "New Caledonia (France)", "url": "http://en.wikipedia.org/wiki/New_Caledonia", "pop": 245580, "date": "2009-07-27", "percentage": 0.0035, "id": 149}, {"name": "New Zealand", "url": "http://en.wikipedia.org/wiki/New_Zealand", "pop": 4445430, "date": "2012-11-11", "percentage": 0.063, "id": 150}, {"name": "Nicaragua", "url": "http://en.wikipedia.org/wiki/Nicaragua", "pop": 6071045, "date": "2012-06-30", "percentage": 0.086, "id": 151}, {"name": "Niger", "url": "http://en.wikipedia.org/wiki/Niger", "pop": 16274738, "date": "2012-07-01", "percentage": 0.23, "id": 152}, {"name": "Nigeria", "url": "http://en.wikipedia.org/wiki/Nigeria", "pop": 166629000, "date": "2012-07-01", "percentage": 2.36, "id": 153}, {"name": "Niue (NZ)", "url": "http://en.wikipedia.org/wiki/Niue", "pop": 1000, "date": "2012-07-01", "percentage": 1e-05, "id": 154}, {"name": "Norfolk Island (Australia)", "url": "http://en.wikipedia.org/wiki/Norfolk_Island", "pop": 2302, "date": "2011-08-09", "percentage": 2e-05, "id": 155}, {"name": "North Korea", "url": "http://en.wikipedia.org/wiki/North_Korea", "pop": 24554000, "date": "2012-07-01", "percentage": 0.35, "id": 156}, {"name": "Northern Mariana Islands (USA)", "url": "http://en.wikipedia.org/wiki/Northern_Mariana_Islands", "pop": 53883, "date": "2010-04-01", "percentage": 0.00076, "id": 157}, {"name": "Norway", "url": "http://en.wikipedia.org/wiki/Norway", "pop": 5047000, "date": "2012-11-11", "percentage": 0.072, "id": 158}, {"name": "Oman", "url": "http://en.wikipedia.org/wiki/Oman", "pop": 2773479, "date": "2010-12-12", "percentage": 0.039, "id": 159}, {"name": "Pakistan", "url": "http://en.wikipedia.org/wiki/Pakistan", "pop": 181192000, "date": "2012-11-11", "percentage": 2.57, "id": 160}, {"name": "Palau", "url": "http://en.wikipedia.org/wiki/Palau", "pop": 21000, "date": "2012-07-01", "percentage": 0.0003, "id": 161}, {"name": "Palestinian territories[15]", "url": "http://en.wikipedia.org/wiki/Palestinian_territories", "pop": 4293313, "date": "2012-07-01", "percentage": 0.061, "id": 162}, {"name": "Panama", "url": "http://en.wikipedia.org/wiki/Panama", "pop": 3405813, "date": "2010-05-16", "percentage": 0.048, "id": 163}, {"name": "Papua New Guinea", "url": "http://en.wikipedia.org/wiki/Papua_New_Guinea", "pop": 7170000, "date": "2012-07-01", "percentage": 0.1, "id": 164}, {"name": "Paraguay", "url": "http://en.wikipedia.org/wiki/Paraguay", "pop": 6337127, "date": "2010-07-01", "percentage": 0.09, "id": 165}, {"name": "Peru", "url": "http://en.wikipedia.org/wiki/Peru", "pop": 30135875, "date": "2012-06-30", "percentage": 0.43, "id": 166}, {"name": "Philippines", "url": "http://en.wikipedia.org/wiki/Philippines", "pop": 92337852, "date": "2010-05-01", "percentage": 1.31, "id": 167}, {"name": "Pitcairn Islands (UK)", "url": "http://en.wikipedia.org/wiki/Pitcairn_Islands", "pop": 66, "date": "2008-07-01", "percentage": 1e-06, "id": 168}, {"name": "Poland", "url": "http://en.wikipedia.org/wiki/Poland", "pop": 38538447, "date": "2011-12-31", "percentage": 0.55, "id": 169}, {"name": "Portugal", "url": "http://en.wikipedia.org/wiki/Portugal", "pop": 10561614, "date": "2011-03-21", "percentage": 0.15, "id": 170}, {"name": "Puerto Rico (USA)", "url": "http://en.wikipedia.org/wiki/Puerto_Rico", "pop": 3706690, "date": "2011-07-01", "percentage": 0.053, "id": 171}, {"name": "Qatar", "url": "http://en.wikipedia.org/wiki/Qatar", "pop": 1757540, "date": "2012-10-31", "percentage": 0.025, "id": 172}, {"name": "Republic of the Congo", "url": "http://en.wikipedia.org/wiki/Republic_of_the_Congo", "pop": 4233000, "date": "2012-07-01", "percentage": 0.06, "id": 173}, {"name": "Romania", "url": "http://en.wikipedia.org/wiki/Romania", "pop": 19042936, "date": "2011-10-20", "percentage": 0.27, "id": 174}, {"name": "Russia", "url": "http://en.wikipedia.org/wiki/Russia", "pop": 143228300, "date": "2012-09-01", "percentage": 2.03, "id": 175}, {"name": "Rwanda", "url": "http://en.wikipedia.org/wiki/Rwanda", "pop": 10718379, "date": "2011-07-01", "percentage": 0.15, "id": 176}, {"name": "R\u00e9union (France)", "url": "http://en.wikipedia.org/wiki/R%C3%A9union", "pop": 816364, "date": "2009-01-01", "percentage": 0.012, "id": 177}, {"name": "Saint Barth\u00e9lemy (France)", "url": "http://en.wikipedia.org/wiki/Saint_Barth%C3%A9lemy", "pop": 8902, "date": "2009-01-01", "percentage": 0.00013, "id": 178}, {"name": "Saint Helena, Ascension and Tristan da Cunha (UK)", "url": "http://en.wikipedia.org/wiki/Saint_Helena,_Ascension_and_Tristan_da_Cunha", "pop": 4000, "date": "2012-07-01", "percentage": 4e-05, "id": 179}, {"name": "Saint Kitts and Nevis", "url": "http://en.wikipedia.org/wiki/Saint_Kitts_and_Nevis", "pop": 51970, "date": "2009-07-01", "percentage": 0.00074, "id": 180}, {"name": "Saint Lucia", "url": "http://en.wikipedia.org/wiki/Saint_Lucia", "pop": 166526, "date": "2010-05-10", "percentage": 0.0024, "id": 181}, {"name": "Saint Martin (France)", "url": "http://en.wikipedia.org/wiki/Collectivity_of_Saint_Martin", "pop": 36824, "date": "2009-01-01", "percentage": 0.00052, "id": 182}, {"name": "Saint Pierre and Miquelon (France)", "url": "http://en.wikipedia.org/wiki/Saint_Pierre_and_Miquelon", "pop": 6082, "date": "2009-01-01", "percentage": 6e-05, "id": 183}, {"name": "Saint Vincent and the Grenadines", "url": "http://en.wikipedia.org/wiki/Saint_Vincent_and_the_Grenadines", "pop": 100892, "date": "2009-07-01", "percentage": 0.0014, "id": 184}, {"name": "Samoa", "url": "http://en.wikipedia.org/wiki/Samoa", "pop": 186340, "date": "2011-11-07", "percentage": 0.0026, "id": 185}, {"name": "San Marino", "url": "http://en.wikipedia.org/wiki/San_Marino", "pop": 32404, "date": "2012-07-31", "percentage": 0.00046, "id": 186}, {"name": "Saudi Arabia", "url": "http://en.wikipedia.org/wiki/Saudi_Arabia", "pop": 28376355, "date": "2011-07-01", "percentage": 0.4, "id": 187}, {"name": "Senegal", "url": "http://en.wikipedia.org/wiki/Senegal", "pop": 12855153, "date": "2011-07-01", "percentage": 0.18, "id": 188}, {"name": "Serbia[12]", "url": "http://en.wikipedia.org/wiki/Serbia", "pop": 7120666, "date": "2011-10-01", "percentage": 0.1, "id": 189}, {"name": "Seychelles", "url": "http://en.wikipedia.org/wiki/Seychelles", "pop": 90945, "date": "2010-08-26", "percentage": 0.0013, "id": 190}, {"name": "Sierra Leone", "url": "http://en.wikipedia.org/wiki/Sierra_Leone", "pop": 6126000, "date": "2012-07-01", "percentage": 0.087, "id": 191}, {"name": "Singapore", "url": "http://en.wikipedia.org/wiki/Singapore", "pop": 5312400, "date": "2012-10-30", "percentage": 0.074, "id": 192}, {"name": "Sint Maarten (Netherlands)", "url": "http://en.wikipedia.org/wiki/Sint_Maarten", "pop": 37429, "date": "2010-01-01", "percentage": 0.00053, "id": 193}, {"name": "Slovakia", "url": "http://en.wikipedia.org/wiki/Slovakia", "pop": 5445324, "date": "2011-09-30", "percentage": 0.077, "id": 194}, {"name": "Slovenia", "url": "http://en.wikipedia.org/wiki/Slovenia", "pop": 2061350, "date": "2012-11-11", "percentage": 0.029, "id": 195}, {"name": "Solomon Islands", "url": "http://en.wikipedia.org/wiki/Solomon_Islands", "pop": 553935, "date": "2012-07-01", "percentage": 0.0079, "id": 196}, {"name": "Somalia[11]", "url": "http://en.wikipedia.org/wiki/Somalia", "pop": 9797000, "date": "2012-07-01", "percentage": 0.14, "id": 197}, {"name": "South Africa", "url": "http://en.wikipedia.org/wiki/South_Africa", "pop": 51770560, "date": "2011-10-09", "percentage": 0.73, "id": 198}, {"name": "South Korea", "url": "http://en.wikipedia.org/wiki/South_Korea", "pop": 50004441, "date": "2012-07-01", "percentage": 0.71, "id": 199}, {"name": "South Sudan", "url": "http://en.wikipedia.org/wiki/South_Sudan", "pop": 8260490, "date": "2008-04-22", "percentage": 0.12, "id": 200}, {"name": "Spain", "url": "http://en.wikipedia.org/wiki/Spain", "pop": 46163116, "date": "2012-07-01", "percentage": 0.65, "id": 201}, {"name": "Sri Lanka", "url": "http://en.wikipedia.org/wiki/Sri_Lanka", "pop": 20277597, "date": "2012-03-20", "percentage": 0.29, "id": 202}, {"name": "Sudan", "url": "http://en.wikipedia.org/wiki/Sudan", "pop": 30894000, "date": "2008-04-22", "percentage": 0.44, "id": 203}, {"name": "Suriname", "url": "http://en.wikipedia.org/wiki/Suriname", "pop": 534000, "date": "2012-07-01", "percentage": 0.0076, "id": 204}, {"name": "Svalbard and Jan Mayen (Norway)", "url": "http://en.wikipedia.org/wiki/Svalbard_and_Jan_Mayen", "pop": 2495, "date": "2010-03-01", "percentage": 2e-05, "id": 205}, {"name": "Swaziland", "url": "http://en.wikipedia.org/wiki/Swaziland", "pop": 1220000, "date": "2012-07-01", "percentage": 0.017, "id": 206}, {"name": "Sweden", "url": "http://en.wikipedia.org/wiki/Sweden", "pop": 9532634, "date": "2012-08-31", "percentage": 0.14, "id": 207}, {"name": "Switzerland", "url": "http://en.wikipedia.org/wiki/Switzerland", "pop": 8000001, "date": "2012-08-02", "percentage": 0.11, "id": 208}, {"name": "Syria", "url": "http://en.wikipedia.org/wiki/Syria", "pop": 21829000, "date": "2012-11-11", "percentage": 0.31, "id": 209}, {"name": "S\u00e3o Tom\u00e9 and Pr\u00edncipe", "url": "http://en.wikipedia.org/wiki/S%C3%A3o_Tom%C3%A9_and_Pr%C3%ADncipe", "pop": 172000, "date": "2012-07-01", "percentage": 0.0024, "id": 210}, {"name": "Taiwan[10]", "url": "http://en.wikipedia.org/wiki/Taiwan", "pop": 23268372, "date": "2012-07-31", "percentage": 0.33, "id": 211}, {"name": "Tajikistan", "url": "http://en.wikipedia.org/wiki/Tajikistan", "pop": 7800000, "date": "2012-01-01", "percentage": 0.11, "id": 212}, {"name": "Tanzania", "url": "http://en.wikipedia.org/wiki/Tanzania", "pop": 43188000, "date": "2010-07-01", "percentage": 0.61, "id": 213}, {"name": "Thailand", "url": "http://en.wikipedia.org/wiki/Thailand", "pop": 65479453, "date": "2010-09-01", "percentage": 0.93, "id": 214}, {"name": "Timor-Leste", "url": "http://en.wikipedia.org/wiki/East_Timor", "pop": 1066409, "date": "2010-07-11", "percentage": 0.015, "id": 215}, {"name": "Togo", "url": "http://en.wikipedia.org/wiki/Togo", "pop": 6191155, "date": "2010-11-06", "percentage": 0.088, "id": 216}, {"name": "Tokelau (NZ)", "url": "http://en.wikipedia.org/wiki/Tokelau", "pop": 1411, "date": "2011-10-18", "percentage": 1e-05, "id": 217}, {"name": "Tonga", "url": "http://en.wikipedia.org/wiki/Tonga", "pop": 103036, "date": "2011-11-30", "percentage": 0.0015, "id": 218}, {"name": "Trinidad and Tobago", "url": "http://en.wikipedia.org/wiki/Trinidad_and_Tobago", "pop": 1317714, "date": "2010-07-01", "percentage": 0.019, "id": 219}, {"name": "Tunisia", "url": "http://en.wikipedia.org/wiki/Tunisia", "pop": 10673800, "date": "2011-07-01", "percentage": 0.15, "id": 220}, {"name": "Turkey", "url": "http://en.wikipedia.org/wiki/Turkey", "pop": 74724269, "date": "2011-12-31", "percentage": 1.06, "id": 221}, {"name": "Turkmenistan", "url": "http://en.wikipedia.org/wiki/Turkmenistan", "pop": 5170000, "date": "2012-07-01", "percentage": 0.073, "id": 222}, {"name": "Turks and Caicos Islands (UK)", "url": "http://en.wikipedia.org/wiki/Turks_and_Caicos_Islands", "pop": 31458, "date": "2012-01-25", "percentage": 0.00045, "id": 223}, {"name": "Tuvalu", "url": "http://en.wikipedia.org/wiki/Tuvalu", "pop": 10000, "date": "2012-07-01", "percentage": 0.00014, "id": 224}, {"name": "Uganda", "url": "http://en.wikipedia.org/wiki/Uganda", "pop": 32939800, "date": "2011-07-01", "percentage": 0.47, "id": 225}, {"name": "Ukraine", "url": "http://en.wikipedia.org/wiki/Ukraine", "pop": 45560272, "date": "2012-08-01", "percentage": 0.65, "id": 226}, {"name": "United Arab Emirates", "url": "http://en.wikipedia.org/wiki/United_Arab_Emirates", "pop": 8264070, "date": "2010-07-01", "percentage": 0.12, "id": 227}, {"name": "United Kingdom", "url": "http://en.wikipedia.org/wiki/United_Kingdom", "pop": 62262000, "date": "2010-07-01", "percentage": 0.88, "id": 228}, {"name": "United States", "url": "http://en.wikipedia.org/wiki/United_States", "pop": 314745000, "date": "2012-11-11", "percentage": 4.46, "id": 229}, {"name": "United States Virgin Islands", "url": "http://en.wikipedia.org/wiki/United_States_Virgin_Islands", "pop": 106405, "date": "2010-04-01", "percentage": 0.0015, "id": 230}, {"name": "Uruguay", "url": "http://en.wikipedia.org/wiki/Uruguay", "pop": 3286314, "date": "2011-09-30", "percentage": 0.047, "id": 231}, {"name": "Uzbekistan", "url": "http://en.wikipedia.org/wiki/Uzbekistan", "pop": 29123400, "date": "2011-07-01", "percentage": 0.41, "id": 232}, {"name": "Vanuatu", "url": "http://en.wikipedia.org/wiki/Vanuatu", "pop": 234023, "date": "2009-11-16", "percentage": 0.0033, "id": 233}, {"name": "Vatican City", "url": "http://en.wikipedia.org/wiki/Vatican_City", "pop": 800, "date": "2011-03-01", "percentage": 1e-05, "id": 234}, {"name": "Venezuela", "url": "http://en.wikipedia.org/wiki/Venezuela", "pop": 28946101, "date": "2011-11-30", "percentage": 0.41, "id": 235}, {"name": "Vietnam", "url": "http://en.wikipedia.org/wiki/Vietnam", "pop": 87840000, "date": "2011-07-01", "percentage": 1.25, "id": 236}, {"name": "Wallis and Futuna (France)", "url": "http://en.wikipedia.org/wiki/Wallis_and_Futuna", "pop": 13000, "date": "2012-07-01", "percentage": 0.00018, "id": 237}, {"name": "Western Sahara", "url": "http://en.wikipedia.org/wiki/Western_Sahara", "pop": 567000, "date": "2012-07-01", "percentage": 0.008, "id": 238}, {"name": "Yemen", "url": "http://en.wikipedia.org/wiki/Yemen", "pop": 24527000, "date": "2012-07-01", "percentage": 0.35, "id": 239}, {"name": "Zambia", "url": "http://en.wikipedia.org/wiki/Zambia", "pop": 13092666, "date": "2010-10-16", "percentage": 0.19, "id": 240}, {"name": "Zimbabwe", "url": "http://en.wikipedia.org/wiki/Zimbabwe", "pop": 13014000, "date": "2012-07-01", "percentage": 0.18, "id": 241}, {"name": "\u00c5land Islands (Finland)", "url": "http://en.wikipedia.org/wiki/%C3%85land_Islands", "pop": 28355, "date": "2011-12-31", "percentage": 0.0004, "id": 242}]]
